product_id,review
P001,These headphones are amazing! The sound quality is crystal clear and the noise cancellation works perfectly. Highly recommended for anyone who loves music.
P001,Good headphones but the battery life is not as advertised. Still a decent purchase for the price.
P001,Terrible product. Stopped working after just 2 weeks. Very disappointed with the quality.
P002,Best fitness watch I have ever owned! Tracks everything accurately and the battery lasts for days. Love the GPS feature.
P002,The watch is okay but the app interface is a bit confusing. Takes time to get used to it.
P002,Not worth the price. The heart rate monitor is very inaccurate and the GPS drains battery quickly.
P003,This chair has been a lifesaver for my back pain! Very comfortable and well worth the investment for long work hours.
P003,Good chair overall but the assembly instructions were unclear. Took longer than expected to put together.
P003,The chair is uncomfortable and the mesh started tearing after a month. Poor quality for the price.
P004,Love this water bottle! Keeps my drinks cold all day. The design is sleek and it fits perfectly in my bag.
P004,Decent bottle but it dents easily. The insulation works well though.
P005,Perfect backpack for my laptop and all my travel needs. Very durable and the USB port is super convenient.
P005,The backpack is good but smaller than I expected. Still functional for daily use.
P006,Excellent desk lamp with perfect brightness settings. Really helps reduce eye strain during late night work.
P006,The lamp is nice but the base is a bit wobbly. Otherwise works great.
P007,Best yoga mat ever! Great cushioning and stays in place during practice. Highly recommend for yogis.
P007,The mat is decent but has a strong rubber smell that took weeks to fade away.
P008,This power bank is a lifesaver when traveling. Charges my phone multiple times and the fast charging works great.
P008,Good capacity but quite heavy to carry around. Not as portable as I hoped.
P009,These running shoes are incredibly comfortable! Perfect cushioning and great support for long distance running.
P009,The shoes are okay but the sizing runs small. Had to exchange for a bigger size.
P009,Very disappointed. The sole started wearing out after just two months of regular use.
P010,Great wireless mouse with smooth tracking. The battery lasts forever and the silent clicks are perfect for office use.
P010,Good mouse but the scroll wheel is a bit stiff. Otherwise works fine.
P011,This coffee maker is fantastic! Makes perfect coffee every morning and the timer feature is very convenient.
P011,The coffee maker works well but it is quite noisy during brewing.
P012,These camera lenses are amazing for mobile photography! The quality is impressive for the price.
P012,Decent lenses but the clip attachment is not very sturdy. Be careful when using.
P013,Best gaming keyboard I have used! The mechanical keys feel great and the RGB lighting is beautiful.
P013,Good keyboard but the software for customization is buggy and crashes often.
P014,This air purifier has made a huge difference in air quality. My allergies have improved significantly.
P014,Works okay but the filter replacement is quite expensive. Maintenance cost is high.
P015,Love these smart bulbs! Easy to set up and the color options are endless. Great for mood lighting.
P015,The bulbs work fine but sometimes disconnect from WiFi. Can be annoying.
P016,Excellent protein powder with great taste! Mixes well and helps with muscle recovery after workouts.
P016,The powder is okay but the chocolate flavor is too sweet for my liking.
P017,Beautiful bamboo cutting board that looks great in my kitchen. Very durable and easy to clean.
P017,Good cutting board but it warped slightly after a few washes. Still usable though.
P018,These wireless earbuds are perfect! Great sound quality and the waterproof feature is excellent for workouts.
P018,The earbuds sound good but they do not stay in my ears securely during running.
P019,Fast boiling kettle that works great. Boils water in just 2-3 minutes. Very efficient.
P019,The kettle works fine but it is quite loud when boiling. Can be disruptive.
P020,These dumbbells are perfect for home workouts! The adjustment mechanism is smooth and secure.
P020,Good dumbbell set but they take up more space than I expected. Still a decent purchase.
